"","stock_name","ricker_a","ricker_b","ricker_sigmaR","ricker_AICc","bevholt_a","bevholt_b","bevholt_sigmaR","bevholt_AICc","min_model","rel_likelihood"
"1","ACADREDGOMGB",542.159371420642,2.60200248009785e-06,1.28486878432523,140.234845039355,646.686114879817,6.48765543262095e-06,1.27709322201831,139.748679414936,"bevholt",0.560473219446915
"2","ACMACKSARG",4164.03118729129,6.21781512968844e-06,0.228633516661415,3.67153114357166,8588.54750284271,2.86038769537246e-05,0.224196099038977,2.53480952414703,"bevholt",0.638384854576725
"3","ALBANPAC",5.93284921424796,1.0743825135752e-05,0.222205769615233,3.34335492250259,23068.5391617365,0.11607994031,0.224951668227789,3.90834639498421,"ricker",0.570157980429179
"4","ALBASPAC",177.679239361197,3.31261068033795e-06,0.442439832827904,71.6567560528086,555.977865423293,2.5091024366926e-05,0.442636732547135,71.7073055482198,"ricker",0.506318350576333
"5","ALPLAICBSAI",18721541.4757828,3.99380590089422e-06,0.322846898302042,30.2943612189434,28000017423.0398,0.0165904285519137,0.308085217411787,26.4566948298651,"bevholt",0.872008263212733
"6","AMPL3LNO",2058.66806490177,3.31453796566673e-06,0.508153732818528,70.4245905662988,2151.29014010088,4.90085638592848e-06,0.507185252096821,70.2605127370711,"bevholt",0.520498233195322
"7","AMPL4T",6562.78281221848,2.4173938100838e-06,0.578387003113172,69.4930044962536,7491.83974096441,4.74800247209646e-06,0.575965951064678,69.1907627387598,"bevholt",0.537708482967613
"8","ANCHMEDGSA29",987185.724282157,1.64825060996129e-06,0.422517494072346,37.1438635261424,2040121.81377863,8.37069964629895e-06,0.38014069020355,31.4366066961946,"bevholt",0.945505937393295
"9","ANCHOBAYB",1.2480378839295,7.92616864994306e-06,0.755154826596332,81.9425601700076,1.48033530385198,1.659158184964e-05,0.755375697765179,81.9618641050794,"ricker",0.502412973151199
"10","ANCHOSA",409658.095409851,2.25340108748889e-07,0.641546918791499,75.0285762794984,561238.102340546,6.20021991578655e-07,0.631503058237043,73.9242826778868,"bevholt",0.634633521629688
"11","APOLLNSJ",2074.95011681118,1.14051160572333e-09,0.775628996755621,81.4072395575152,2074.93110343471,7.8644601882035e-10,0.775606130601957,81.4066013671273,"bevholt",0.500079773797813
"12","ARFLOUNDBSAI",1990.46034313346,1.87825790122761e-06,0.654208365671365,88.207065212002,2583.48825097061,4.61222797499273e-06,0.653184226076744,88.0782706120071,"bevholt",0.516093763630826
"13","ARFLOUNDPCOAST",4327.51377148371,2.96791010711141e-05,0.748356185724871,112.690039971072,584089.347395113,0.0121184687764721,0.763134638164198,114.523583107769,"ricker",0.714383834066608
"14","ARGANCHONARG",328289.915755695,5.6839275935129e-07,0.607854142018659,62.1901710922772,931069.379550028,4.21979853213178e-06,0.593212171709,60.7272459427729,"bevholt",0.675126142451661
"15","ARGANCHOSARG",472917.678783818,1.25523755395425e-06,0.499778472845787,49.0292985227137,25042092.9978014,0.000194426711269346,0.503704729062288,49.4604879542512,"ricker",0.553690872388848
"16","ARGHAKENARG",4737.91912274955,2.65290813324834e-06,0.279132286529841,16.0007665540312,5629.56454551469,5.73004748771411e-06,0.276201644853123,15.3236862241268,"bevholt",0.583835868023108
"17","ARGHAKESARG",11227.6019372359,1.68669100051731e-06,0.311316101369368,21.1118653378565,21163.2435319941,6.8520004262649e-06,0.31051649192981,20.9677207223871,"bevholt",0.518010281531671
"18","ATBTUNAWATL",15.1080979117597,4.61032458518346e-05,0.234485273800856,4.4874527561826,38.5718849183422,0.000302562220469416,0.221758574661958,0.469558342937702,"bevholt",0.88173328132461
"19","ATHAL3NOPs4VWX5Zc",1841.89239054382,0.000561678753940709,0.815751751028859,113.545801346569,94805859.8428917,138.588354277167,0.476389114070622,66.2128309057621,"bevholt",0.999999999947304
"20","ATLCROAKMATLC",7958.21518336102,1.60694579628267e-05,0.865905190525105,83.4206009098357,18497.4994767908,9.68955928438982e-05,0.851304934941916,82.4003501065247,"bevholt",0.624835871083716
"21","AUROCKPCOAST",2438.45385711863,0.000904691571385888,0.317925184165752,20.3038454795303,4027802.70591199,4.81693291173332,0.326480615938542,21.5945994543337,"ricker",0.655967922467
"22","AWOLF5YZ",0.14717705514532,5.66869428865006e-05,0.578007774252552,83.2277813065025,0.148488888251246,6.67335399970717e-05,0.577886495917821,83.2095824939117,"bevholt",0.502274835877655
"23","BIGEYECWPAC",33.6145703468446,7.94976531756851e-07,0.338745044459084,41.4890172502621,60804.4012519854,0.00410074773758315,0.337181098772468,41.0044000440457,"bevholt",0.560282489542
"24","BIGEYEIO",0.227921036448261,8.29102848870814e-07,0.232046114233274,3.5229233804825,133.590149038083,0.00137615657284671,0.223058434293104,0.520734382346224,"bevholt",0.817737660109884
"25","BIGHTREDSE",3444109556.92542,0.000249962605604711,0.228353789601254,1.24288215950557,8477765638952.71,1.7592820875983,0.229468610076638,1.69072089647103,"ricker",0.555747107084591
"26","BLACKROCKCAL",14565.3135802681,0.00306640192003845,0.456104106974657,63.6365432276825,31798.1063412786,0.0160856331288939,0.439920653409861,60.385323476591,"bevholt",0.83556734783232
"27","BLACKROCKWASH",9209.72077374787,0.00183974181479047,0.356429803706194,49.0780283925247,5642880.13130233,3.11865854232053,0.357672998748369,49.4587838210389,"ricker",0.547451197915944
"28","BLUEFISHATLC",540.369896092452,7.42253494727518e-06,0.266213204338991,12.6518866626122,908.987966809395,2.61945215864775e-05,0.264014238543426,12.1542331840689,"bevholt",0.561887700397957
"29","BLUEROCKCAL",0.00736396867450887,1.04938341721765e-09,0.729505496133909,112.486137061844,5.65878454552953,2.93378856057792e-06,0.639513133241998,99.8471750255015,"bevholt",0.998202359444479
"30","BMACKECS",8269.27318361878,8.4462161905031e-06,0.291772559019408,17.1499900326625,11388.0591149154,2.19750858744354e-05,0.287605994290635,16.3733149954704,"bevholt",0.595882426765178
"31","BMACKPJPN",12986.5706537697,5.35941462500527e-06,0.632137832200963,53.2910991483614,29383.9852193547,3.16222730026223e-05,0.617614345132252,52.1782375840603,"bevholt",0.635626290611666
"32","BOCACCSPCOAST",0.00126625302266403,1.0166507900988e-11,0.904297494504999,156.745639388507,0.00127041941011877,1.13345020515471e-11,0.904369149157365,156.747081073053,"ricker",0.500180210560478
"33","BRMSOJ",14198.2171446923,8.58475034782369e-05,0.280909279045999,16.1403369900943,15028.7677147195,0.000128293129339444,0.278840742329606,15.6819889266679,"bevholt",0.557044059861809
"34","BRNSHRIMPGM",2739000.85480809,1.96660160078274e-05,0.218450828924926,-0.153419554659322,3901753.82790943,5.79178601707065e-05,0.207573173691813,-3.62663062986144,"bevholt",0.850255392221431
"35","BSBASSSATL",1.85942605560774e-05,1.45799130252778e-13,0.325466567977088,29.235521856125,2.21793353384293e-05,2.88211788104133e-13,0.324109310815259,28.9179283196121,"bevholt",0.539615979286677
"36","BTSHRIMPNAUST",16.6327317080656,6.27058674764629e-09,0.189363971080755,-15.9820054110293,16.830233099902,7.50297517839224e-09,0.189252920474625,-16.0294603115966,"bevholt",0.50593158428737
"37","BUTTERGOMCHATT",0.136041905754892,3.18647552644778e-09,0.386775461271457,33.2655738113697,0.147023565995803,4.97312304472529e-09,0.386406865044854,33.2120954665431,"bevholt",0.506684394838822
"38","BWHITNEA",10056.2825085868,2.07073242993104e-07,0.756295715966285,84.2938497229396,13026.7362068943,5.13914359267095e-07,0.767394245206609,85.2844848952232,"ricker",0.621358317247551
"39","CABEZNCAL",2.93137799290838,0.00136536143664327,0.337981420171944,33.4005736668844,6.56997027243624,0.00705601649643421,0.338612769768822,33.5498808918504,"ricker",0.518654740101561
"40","CABEZORECOAST",2582.75615329386,0.00523893252017408,0.2910576380182,18.0054178000655,403252.595622975,2.42489288259949,0.302100051188436,20.1104745148162,"ricker",0.741260117553944
"41","CABEZSCAL",3.04789930958559,0.0063607321557873,0.654647408249575,80.3779839495141,8.92508119082925,0.0498042099989632,0.636671181704558,78.31756449124,"bevholt",0.736956554180836
"42","CAPENOR",345509.379129816,8.78110964056267e-07,1.23772241730712,121.028983700294,762000.586070604,6.40998402650913e-06,1.19811377975089,118.756546680909,"bevholt",0.756984676479238
"43","CHERRCHVX",79951.0950621596,8.10985932863437e-07,0.858940769428526,63.0762108243209,303107.913453278,1.03940826991511e-05,0.7923755990833,59.526272283082,"bevholt",0.855074560505691
"44","CHILISPCOAST",0.0123767092736832,1.96915582477078e-10,0.976886591553501,154.418143821749,0.0214019314881975,7.29883091011062e-10,0.972678253275214,153.960885780556,"bevholt",0.556909576384585
"45","CHSQUIDSA",0.97285830501353,5.38091583698848e-06,0.19644135782063,-10.878483919976,1.00698727903502,7.29857113629646e-06,0.195751515188941,-11.173984931495,"bevholt",0.536870576456423
"46","CHTRACCH",5281.21273854618,1.00444136106256e-07,0.652729826886843,95.897639406043,7625.96914591656,3.0125502514885e-07,0.643667014549639,94.6381484908597,"bevholt",0.652431743234408
"47","CMACKPCOAST",6398.18078053015,3.69707416019119e-06,0.827883886232843,90.4435287040954,10750.0537266226,1.90112873606449e-05,0.781636671048872,86.534980620182,"bevholt",0.875911935221716
"48","CMACKPJPN",7656.63188451787,6.0476520797472e-08,0.887229883994234,133.861381345601,7667.5076327526,6.54499211489138e-08,0.887188556265961,133.859869218011,"bevholt",0.500189015939716
"49","CMACKTSST",12531.2787409097,2.66691535694524e-06,0.300307144630562,26.442415809057,18467.4223172437,8.02600381590646e-06,0.306624619667462,28.3574420037939,"ricker",0.722623609602496
"50","COBGM",1204.75429177977,0.000511810382912131,0.45681721723587,47.5269816180095,730148.629096557,0.870016014276231,0.44991477054749,46.5525618557451,"bevholt",0.619448931730284
"51","COD1F.XIV",1225.90844646554,3.27425634408627e-05,1.645677933485,182.941852783472,2430.84417889486,0.000260689754057254,1.63346457195228,182.258443614147,"bevholt",0.58460452741571
"52","COD1IN",3316.29900426239,6.76342939573694e-05,0.848834551494878,114.549468341806,6172.08677157903,0.000422217284576694,0.857773958344388,115.450436250268,"ricker",0.610754292240862
"53","COD2J3KL",2817.54106285963,1.62362030112141e-06,0.750174318421381,81.5058288822328,3895.26435926304,6.5231787040043e-06,0.69006277671982,75.9915734439624,"bevholt",0.940314636670186
"54","COD3M",0.0786402675241601,2.01608953170404e-08,3.47606917870935,129.843081314764,0.0787577832342942,2.15915570601815e-08,3.47659581822598,129.843156785809,"ricker",0.500009433880591
"55","COD3Pn4RS",1.07531914951291,2.91862308880274e-06,0.559473746935474,78.6988360527333,1.1447670137752,5.11265489880346e-06,0.552721148462617,77.6545358462074,"bevholt",0.627650394764783
"56","COD3Ps",12.2129700919803,0.581254676935335,0.493916325983701,53.9218326510715,68.0229642372213,8.3921573084824,0.491087163888558,53.5395003190417,"bevholt",0.547646528246651
"57","COD4TVn",2.67672378518579e-05,7.78874377419743e-06,0.563436023165991,119.642669381023,0.218949339879251,0.233205845400319,0.480355676229024,98.263171729652,"bevholt",0.999977223280146
"58","COD5Zjm",154.860694281173,1.00619280277123e-08,0.714514204148147,88.9986667167243,154.840649990942,5.47987591803771e-09,0.714525551749056,88.9975739277933,"bevholt",0.500136598612977
"59","CODBA2224",1.13060722767572,3.54541039100887e-07,0.943919773214314,99.3632115503651,1.14460215102152,9.42951425949702e-07,0.943923685091968,99.3633485899249,"ricker",0.500017129944979
"60","CODBA2532",40.1809941182543,2.79472888700068e-06,0.411019318210065,84.756720296796,57.5418133832536,8.7197456825128e-06,0.401578908313677,81.31777997529,"bevholt",0.848060577114313
"61","CODGB",356.615609765897,2.2731752477275e-06,0.274538268773193,14.9386538170595,360.882109727965,2.76307064833037e-06,0.273991268499411,14.8113942774134,"bevholt",0.515902077526254
"62","CODICE",1203.63103576479,2.17030228208138e-06,0.346550713398564,52.37909225216,3795.7932511205,1.90850178379107e-05,0.331550612342384,46.7153147318356,"bevholt",0.944374903743508
"63","CODIIIaW.IV.VIId",3808.05786047389,2.29349949353869e-09,0.678847192660048,121.997409930322,3808.6167655607,3.47779383881573e-09,0.678858684432041,121.998060368014,"ricker",0.500081304710864
"64","CODIS",15364609.3122925,0.621846248090459,1.30970768036005,91.5799982173734,8118584.40705663,9.99978853443281e-07,1.34291379991019,92.8300687593834,"ricker",0.651362874375952
"65","CODKAT",1.32602685770054,0.570307480152423,1.15869528458689,76.2475770758179,13.1045640747713,19.7684110486057,1.10457401687268,74.1512713757067,"bevholt",0.740420037969715
"66","CODNEARNCW",2122.55088224445,2.53807738824418e-05,0.195037046874359,-1.64459307207939,13950.4040309531,0.000516742505767587,0.119400263624946,-22.2543079723204,"bevholt",0.999966530999966
"67","CODVIa",853.69212360325,9.9096015379541e-06,0.619441967716002,78.1460489495799,860.776614147609,1.18794359973888e-05,0.619519701235057,78.1552847247085,"ricker",0.501154469839485
"68","CODVIIek",600.609188169173,3.1628792838745e-05,0.841897936315743,126.24225837948,649.686703319303,5.01557321403524e-05,0.841676711049013,126.217152495095,"bevholt",0.5031381943394
"69","CROCKPCOAST",0.00191103778513973,2.80055865762906e-10,0.442501421849227,76.4651296629855,0.00477353651923577,1.69509292099242e-09,0.430970290115271,73.4021382842734,"bevholt",0.822225046028808
"70","CSALMANDREAR",2.09914458315775,2.72641448107091e-06,0.714803581050157,59.1887490835672,805.237561860205,0.00349754126711421,0.66747626713022,55.904965394882,"bevholt",0.837792196639993
"71","CSALMANVIKR",3.09278239092345,1.01829836544435e-06,0.521507772472345,41.1212457003379,5.6252226986246,4.25812282895607e-06,0.513465260753586,40.4370191994745,"bevholt",0.584703765226112
"72","CSALMHOODC",9.91759796636124,2.3781071899294e-05,0.77714084965171,67.764515849781,24551.9034369828,0.191239169476209,0.679944044701326,60.8169413570404,"bevholt",0.969932663872633
"73","CSALMISCFPM",2.31625968240266,2.98394921068981e-07,0.590810682321685,74.5495066373646,2.36887493102357,3.9053516096348e-07,0.592476341899005,74.7636395332684,"ricker",0.526741071958311
"74","CSALMKTRNS",3.25280812109017,1.7605875431864e-05,0.738661081458999,76.0822612304255,566.158326736866,0.010127914748935,0.675732812566974,70.5606577278606,"bevholt",0.940520501187757
"75","CSALMNSR",3.80723485789686,1.6977773835768e-05,0.53382760048837,48.2372565775665,4.61399868816444,3.64606655450993e-05,0.526467407707453,47.5142720540248,"bevholt",0.589401620494802
"76","CSALMSKAGR",2.19557972983569,2.97694939526544e-06,0.644369576752084,58.0228161122062,2.30295249177907,4.45550937463947e-06,0.642379276645267,57.8617320566979,"bevholt",0.520124629044938
"77","CSALMSSOUNDFR",6.97221981792637,1.01615527158887e-05,0.618174198149367,55.8616401294853,16.6383747434105,6.10252970682973e-05,0.605241016475842,54.7650022529567,"bevholt",0.633745483965937
"78","CSALMSSOUNDSR",4.7169731348296,4.05319832952228e-05,0.96621990580843,76.3693946479842,6.82156982570976,0.000136130737793691,0.953149331000624,75.6904779647006,"bevholt",0.584058941646996
"79","CSALMSSOUNDWR",5.91601173090529,4.02465058306771e-05,0.529618422902811,46.3098535735789,93.3637392160623,0.00189403947927096,0.53813990277995,47.1133261018781,"ricker",0.599104744660527
"80","CSALMSSR",2.58388721305312,3.83885671260057e-06,0.649019938282585,58.3966357220028,2.62221319553413,4.8851362075552e-06,0.649987808209561,58.4747472981336,"ricker",0.509762706082199
"81","CSALMWILLB",2.5411082962307,1.2060820387756e-05,0.82096200740602,58.7214556568729,3.08960375803449,2.66720015403043e-05,0.816606910185312,58.4980844171001,"bevholt",0.527892417578481
"82","CSALMYUKONRFR",3.22461271934021,1.24729686631709e-06,0.429084969626573,32.5382003183965,6.5172656539888,6.08054984829859e-06,0.420064936379304,31.6034020567889,"bevholt",0.614767981087471
"83","CSARDCSCH",0.491214426350533,9.96328745356625e-07,0.717635731695903,72.1517782375714,0.810839135284623,3.87427103713761e-06,0.707701516292563,71.3154289747136,"bevholt",0.60304637279526
"84","CTRACSA",8373.16618485585,2.60214147821012e-06,0.196916192107666,-7.64852350496983,47502.0628698164,3.83416633121838e-05,0.197681470186739,-7.37860104688918,"ricker",0.533689186709124
"85","CUSKVa.XIV",2719.52781332237,0.000116356761184462,0.581050683404089,68.0956596175217,1781996.52721817,0.217981402433399,0.578014866866759,67.7268305249071,"bevholt",0.545973418921481
"86","DEEPCHAKESA",76904.7558239157,7.40266577205272e-06,0.228259075209865,3.27208808642886,73769627.8305027,0.0202201341968746,0.222432876263184,1.67297354392864,"bevholt",0.689879769190678
"87","DEEPFLATHEADSE",2153947432.97783,0.000110120943359101,0.236597292708613,5.34538972312362,5312483820.59759,0.000648159297065484,0.234929213710818,4.87755190670843,"bevholt",0.558214520038861
"88","DKROCKPCOAST",0.00304430550214781,5.18619032158823e-10,0.605292339376214,72.7664124848741,0.00744233942167194,3.16785510735007e-09,0.589535752064313,70.8672930267784,"bevholt",0.721026627358827
"89","DOYSFS",0.756427203864557,4.7578404431803e-10,0.310344837213902,22.7846147469564,1.31102855247695,1.79882521154245e-09,0.320658633378873,24.8769845956309,"ricker",0.740041627263529
"90","DSOLEGA",438.486830124372,2.18469966038443e-06,0.487136994998059,51.6397546522888,414.433025518455,1.0407651128946e-06,0.487150937252125,51.6423391173208,"ricker",0.50032305808404
"91","DUSROCKGA",887.721858310953,6.30400382619366e-05,0.612304960475192,71.7631493935154,4750.08390880172,0.000898411649281151,0.621614916658082,72.8279426953443,"ricker",0.630041919063529
"92","EBASSIVbc.VII",5857.68100165622,0.000101722142859744,1.00456231776232,97.9605112276612,105749.314458116,0.00654585150529321,1.02738862164217,99.4003662071647,"ricker",0.672591049616902
"93","EBASSVIIIab",7503.15826099254,8.76355324687667e-05,0.360992412320742,27.8929373219894,266498.377696886,0.0108458070133135,0.366570297123501,28.7386075458689,"ricker",0.604161467816774
"94","ESOLEPCOAST",14581.4626450739,4.16361269210094e-05,0.409552370983181,77.9447052344638,33546.8588107595,0.000237168515823699,0.406024684569482,76.768192091068,"bevholt",0.642965022377593
"95","FLSOLEBSAI",28006.7407517688,9.66004141170376e-06,0.431374576579595,55.1853336018107,125777732.884196,0.137584627276761,0.440346868891838,56.9257562890086,"ricker",0.704789672301896
"96","FLSOLEGA",10003.7647959524,1.12607574861512e-05,0.23816984793343,5.6659218508267,18643.4341434588,4.46657855593177e-05,0.237505822045865,5.47038258515435,"bevholt",0.524422956588874
"97","FMEG8c9a",13469.9053447707,7.28023813648144e-05,0.266520679093533,12.7216136944704,15040.8866487438,0.000122241379865222,0.266085049068979,12.6230075692746,"bevholt",0.512323269475216
"98","GAGSATLC",668.679577367918,0.000521751904678228,0.447953292977429,49.8852258431786,3693628.14506426,8.60533582388225,0.454528483897247,50.9051517418526,"ricker",0.624797788887951
"99","GEMFISHNZ",393.593364097399,8.1944677503061e-05,0.834847957208832,59.4259901782723,479.714778319461,0.000169136201318722,0.835108506480007,59.4390621050458,"ricker",0.501633985029867
"100","GEMFISHSE",1864.92656356318,4.98126921640831e-08,0.687202305370373,94.3099309071768,1865.15224782774,7.58562580421902e-08,0.687266908892705,94.3111037637201,"ricker",0.500146607063703
"101","GHALBSAI",171.586640150875,4.29815208102364e-06,1.78654930028795,242.344719771479,284.882114622899,1.72854111716763e-05,1.77012534531838,241.255072075686,"bevholt",0.63293385246883
"102","GKCRABAIES",584.114421835023,6.45997437659699e-05,0.25783108524562,10.1839584054244,882.291730433274,0.000194073828522973,0.252641216731054,9.247515320933,"bevholt",0.614962733006876
"103","GKCRABAIWS",740.909762968301,0.000120481227706504,0.239415304656049,6.17811820992369,1887.35256125468,0.000736058097823523,0.230223739184511,3.67217436288585,"bevholt",0.777813891364586
"104","GOLDREDNEAR",7.67111505137929,1.9832636153569e-08,0.999710804506877,69.7684202052898,7.67015450701263,2.02830721300152e-08,1.00058251338349,69.7684642070213,"ricker",0.500005500216446
"105","GOLDREDV.VI.XII.XIV",1106.87731331991,3.90475196175364e-06,0.584960331621443,75.5384101279514,266143.327315932,0.00276665512506789,0.57871261706323,74.6949062184831,"bevholt",0.603902401146702
"106","GRAMBERGM",1712.16097022956,0.00024682507945014,0.425175659059007,47.3353429022838,2907.67145093532,0.00109196470245323,0.432427538932242,48.5530263076015,"ricker",0.647676533542649
"107","GRAMBERSATLC",379.470123574628,0.000334590476580807,0.561807882901597,55.8117304771651,68745.2789919187,0.173316559620347,0.55401803146284,55.0062447095775,"bevholt",0.59934648866768
"108","GRNSTROCKPCOAST",5.70132195660559e-06,1.62326736554615e-10,0.693884021572915,90.9456637298887,1.62364824432288e-05,1.08947270440732e-09,0.693664416230433,90.9008694633822,"bevholt",0.505599049260275
"109","GRSNAPGM",4474.61063082188,0.000203304846023654,0.888560535508276,110.729615321708,1827181.81061403,0.240240406684494,0.886618268971543,110.556626457978,"bevholt",0.521610137009886
"110","GTPRAWNNAUST",15.9310814933333,5.119740880309e-09,0.153810042298802,-35.1133688430838,16.0687776124995,5.91167746065048e-09,0.153940806833719,-35.0357865540504,"ricker",0.50969657024782
"111","GTRIGGM",0.00105500274221738,6.99842673626409e-12,0.274619164594236,16.0933242183487,0.00104936885735694,6.77011844396153e-12,0.274778444609359,16.1362385834911,"ricker",0.505364089837356
"112","HAD5Y",638.129630546641,8.63183698414281e-05,1.37154980532118,142.005586238686,1049.2903800176,0.000355270525295829,1.35167829720716,140.867960625067,"bevholt",0.638489191412295
"113","HADGB",427.79759151607,1.01161101125766e-05,1.58028147836235,201.660278720684,1027.60455598819,6.96041322945804e-05,1.56738207864281,200.807396680649,"bevholt",0.605023497425364
"114","HADICE",1.83798550330122,1.17302684280149e-05,0.781940281602332,98.176138282499,169.686857741898,0.00312998263559236,0.768273195969234,96.8001008643323,"bevholt",0.665526033888091
"115","HADIS",108373.542208883,3.18501632441228e-05,0.708064969867145,56.6623706786719,95931.9036638243,2.56890473033888e-06,0.711016694996732,56.8456739387899,"ricker",0.52289688190024
"116","HADNEAR",1497.15730808869,2.1965532776482e-06,1.08722385720824,207.723861234161,1608.13847234617,3.59852100284376e-06,1.0931453064675,208.452590621189,"ricker",0.590096591143316
"117","HADNS.IIIa.VIa",77668.7096662994,5.37123589145486e-06,1.40376776173513,175.322722653056,90523958.6151051,0.019372134688296,1.38785906165011,174.228706282113,"bevholt",0.633441189021433
"118","HADROCK",2775.77733956929,3.2104531771785e-05,1.53124962127515,110.321339968598,21214.9449744398,0.00083683386871196,1.50830376695393,109.475183449236,"bevholt",0.604219615220582
"119","HAKENRTN",11550.1991440099,8.85653395824708e-06,0.408729480497583,48.6055825402294,83448.2776080834,0.000232420730275539,0.380227974131869,42.8230806684455,"bevholt",0.947412240944708
"120","HAKESOTH",13216.0829244045,5.41535454688078e-05,0.298351010953832,22.6243548287889,83626664.7797731,1.11059170150549,0.298838645465325,22.7479882259723,"ricker",0.515449255269191
"121","HAKESPPSAF",15329.2234467944,1.48354712524201e-07,0.38135330539855,57.4113602816743,16615.2908678375,2.57341430928119e-07,0.380386629249357,57.1206908347464,"bevholt",0.536269861777907
"122","HERR2224IIIa",18214.393269075,3.45621582014011e-07,0.348941808074641,28.1929081157886,18138.6596088657,3.21477059469248e-07,0.349026845371457,28.2078558062927,"ricker",0.501868452615624
"123","HERR2529.32",38820.1520515053,7.75779061577002e-07,0.341754622915713,37.6602898972533,63631.1288607041,2.69937530956466e-06,0.34048166082055,37.3242313146713,"bevholt",0.541908765400032
"124","HERR30.31",16310.6007295477,6.24335970261511e-07,0.444867140715586,52.9867423749649,16801.3332599775,8.1106228351844e-07,0.444681332054968,52.9634935001324,"bevholt",0.502906076629877
"125","HERR4RSP",4450.37462995894,2.12980059380897e-05,1.03622779072717,117.249778954213,1039733.22409529,0.0164976043145279,1.06578634918594,119.422086929769,"ricker",0.747656800820079
"126","HERR4TFA",6245.70533927515,6.80644886898249e-06,0.50347212745973,60.947908416746,12547889.5129802,0.0425525821124782,0.481176992731585,57.5927667176055,"bevholt",0.842582603562451
"127","HERR4TSP",2770.09821757345,1.18626834523126e-05,0.814329784279194,96.5284346153869,3307.30381755719,2.7434063364859e-05,0.80764537952141,95.9199200875739,"bevholt",0.575482909064694
"128","HERRCC",28250.346776371,3.72025817212615e-05,0.743966286097037,147.927300177552,70547318.2460932,0.297319291103763,0.686704499454689,137.830046446831,"bevholt",0.993622789463199
"129","HERRIsum",5226.06915001419,3.79319281815438e-06,0.665101273239341,67.5884209156625,16397988.956952,0.0367657733456866,0.666447674382532,67.7117613408632,"ricker",0.515412668651821
"130","HERRNIRS",16965.6956796095,1.92833459559876e-05,0.427931034676238,51.156978386695,18474.9288887336,3.10007695249408e-05,0.426627214686682,50.9190781043076,"bevholt",0.529702521469646
"131","HERRNORSS",10905.5177802041,2.9647721816176e-07,0.815415161559972,79.8153373991502,867981.388257095,7.09744492541874e-05,0.830462494512524,80.9132299939428,"ricker",0.63389108941806
"132","HERRNS.IIIa.VIId",54339.1400563194,4.1593343391486e-07,0.488913436195477,109.039603525604,75541.164038103,1.29209541651268e-06,0.472586418607937,104.080785892359,"bevholt",0.922685635238238
"133","HERRNWATLC",3229.00334620981,1.6456223224665e-06,0.262174175969965,13.8026480970282,3918.82554107298,3.70836017903342e-06,0.264791320964589,14.6966058883046,"ricker",0.609920699692896
"134","HERRPWS",4919.45475930296,9.34836978985366e-06,0.931964696571134,71.9269579833857,5542.32578589174,1.74178970781002e-05,0.930794404521558,71.8665228882721,"bevholt",0.507553812115684
"135","HERRQCI",34686.0956071313,5.79129100029504e-05,0.892664921758644,170.886448961113,33441634.7270009,0.212564127946319,0.828085531450825,161.415841798139,"bevholt",0.991296630647152
"136","HERRRIGA",32891.7128366963,9.55985586157327e-07,0.546923405326221,75.1329186720175,32629.006888924,8.96544959140327e-07,0.547003650329583,75.1441073227251,"ricker",0.501398577690909
"137","HERRSIRS",10005.3199966948,5.68743080523927e-06,0.550294023659691,105.024845568868,13933.5360728953,1.58689246932627e-05,0.546549519885336,104.20555984305,"bevholt",0.601002240982843
"138","HERRSITKA",6134.53665697041,1.00285555104917e-05,0.788595969205312,70.8412116318169,6357.01030960363,1.42243208947221e-05,0.791245545903293,71.0209275967007,"ricker",0.522449392088636
"139","HERRSOG",42728.4695602281,1.32287370478881e-05,0.531224993876551,105.489201201721,120544.988435371,9.57758818784692e-05,0.498554533551142,97.4913683429138,"bevholt",0.981994641249341
"140","HERRVIa",8054.47056982115,6.7939713775038e-07,0.663833849808096,121.503318777401,8393.61815822337,1.02385670317519e-06,0.662838455167113,121.332257430535,"bevholt",0.521369642484971
"141","HERRVIaVIIbc",5625.63771170722,1.85634660084974e-09,0.483925686162162,90.9808611284291,5624.56103166102,1.39117498104088e-09,0.483923965159385,90.9805171908472,"bevholt",0.500042992197641
"142","HERRWCVANI",45265.4262437261,3.56191525972082e-05,0.61041952084219,122.998294055526,143973.932077392,0.000338882213703339,0.591455270667672,119.021617256191,"bevholt",0.879567237327419
"143","HMACKIIa.IVa.Vb.VIa.VII.VIII",2658.94617567089,2.96715928750424e-07,0.674062923990154,82.5407786881094,8398.00073448054,2.66204087810507e-06,0.651293855144494,79.997903502349,"bevholt",0.780988740783025
"144","HMACKIXa",11868.7643188936,2.15100000710186e-10,0.511800387003467,46.0469215063691,11868.9684736957,2.16856579928909e-10,0.51181859387467,46.0469266006431,"ricker",0.500000636784253
"145","HOKIENZ",13967.1778224613,2.98982346024311e-06,0.6453024519893,83.1960783887572,185769.869542104,0.000114216290956323,0.625507306986609,80.7662973253864,"bevholt",0.771163128194697
"146","HOKIWNZ",10640.1125417966,1.41981491459058e-06,0.803816765637778,112.248787598147,36898.5665169325,1.32190496203176e-05,0.779929468009551,109.594049310436,"bevholt",0.790405127351827
"147","JANCHOPJPN",416850.970428775,1.5579238811445e-06,0.329526343289238,28.9864237560179,529088.356698205,3.90191485137999e-06,0.314714027658625,25.6750035507055,"bevholt",0.839661294510891
"148","JANCHOSETO",16051173.6295157,1.47140409595746e-05,0.331475461989405,30.6258722030127,44393128.5625386,0.000105707497038572,0.317745139926451,27.4107660743041,"bevholt",0.833071384377362
"149","JANCHOTSST",1309571.52127066,4.41152006365674e-06,0.232600024104037,3.31403220545262,1605300.91771576,9.46942210208513e-06,0.228951689080437,1.98478095646044,"bevholt",0.660298704074459
"150","JMACKPJPN",24587.4230989369,3.87026179575101e-09,0.35996592030539,36.8925652554201,24587.6010266753,3.99864139511747e-09,0.359965335253684,36.8925940547812,"ricker",0.50000359992014
"151","JMACKTSST",35215.1205916617,2.19680548636094e-06,0.495478864529372,73.9289027369909,35786.2778892375,2.86414347143797e-06,0.497131112792099,74.2418456839115,"ricker",0.539038252006063
"152","KMACKSATLC",0.0081449415565646,3.85124038370292e-10,0.424666138454951,43.9515990555987,16.6558379073926,2.40724120576054e-06,0.432165259133845,45.1070579204232,"ricker",0.640544781588903
"153","KMFLOUNBSAI",1864.98404723155,3.19165115857171e-05,0.647977205831941,60.2355692086002,287908.788532023,0.0163967427859666,0.651026885716408,60.4890365297779,"ricker",0.531641076426192
"154","LINGCODNPCOAST",739.830284983476,3.15910672527808e-05,0.46139846462698,78.7513746832642,945.589580568315,7.26590869347036e-05,0.459516069722465,78.2933743623514,"bevholt",0.557001157403574
"155","LINGCODSPCOAST",955.35039000628,8.49119083991854e-05,0.626660903835742,122.514743868816,1348.27101807432,0.000249686686994378,0.621073100203306,121.422134673271,"bevholt",0.633277805233844
"156","LOBSTERGOM",12114.6806179902,7.63691321167674e-05,0.330807641958495,23.3523473172423,13000.3056214698,0.000118620507228003,0.334134681972429,23.8727249031067,"ricker",0.564682700721024
"157","LOBSTERSNE",1696.96388439852,8.29993993633435e-10,0.270824329659968,12.6073495188842,1696.98828402015,3.34572477731097e-09,0.270831003304817,12.6077113537758,"ricker",0.500045229361329
"158","LSTHORNHPCOAST",13322.6880101153,3.73992206647874e-05,0.341207618107588,32.8252089983243,40411029.1467189,0.316737953108132,0.329812132050551,30.2446776835145,"bevholt",0.784192151055187
"159","MACK5YCHATT",1662.31184469513,1.22139523394264e-06,1.16221826965351,157.193675494451,4703.00348303315,1.36770543400319e-05,1.08544812794313,150.63486128994,"bevholt",0.963715556945943
"160","MACKNEICES",2257.48422760116,1.41329805892062e-07,0.277843962010181,17.7260722916879,2868.842299545,3.17652736419507e-07,0.274823601005483,16.8516737470948,"bevholt",0.607591471428677
"161","MACKNWATLSA3.4",2.38668940667375,5.00351228843461e-06,0.556695185569268,89.8418154621983,4.01163045032692,2.06986130570969e-05,0.559356195064271,90.3187536119127,"ricker",0.559336342413137
"162","MEG8c9a",4482.04681728848,6.70477174433594e-05,0.561852645709929,62.4272468197007,4507.37789863927,7.53115761471757e-05,0.561839839272576,62.4259131340825,"bevholt",0.500166710696091
"163","MEGVII.VIIIabd",11539.6238531124,1.8343090038254e-05,0.174276011796819,-16.1981699062327,40979215.5836847,0.180971996588158,0.171154263401206,-17.4632519031217,"bevholt",0.653065402402759
"164","MENATGM",0.00011239356117471,3.44229319720155e-16,0.366624179191037,40.7213083107274,0.000324561209583262,2.42286948172569e-15,0.37332688629434,42.2097597103916,"ricker",0.677919208466996
"165","MENATLAN",0.000779155113122114,1.98173628344235e-14,0.458601623912178,74.2625163730102,6.2074253239399,4.67864850912802e-10,0.462992588019948,75.2724926124898,"ricker",0.623630839822113
"166","MORWONGESE",761549905.761281,1.25318729199548e-05,0.440924552474243,90.371582874159,776432741.91214,1.58474714356006e-05,0.440338755051453,90.1809453199437,"bevholt",0.523811668261156
"167","MORWONGWSE",1512162140.4509,0.000546558089805636,0.417824300337677,36.5406505684313,348235279433.58,0.360669912432243,0.400836373076629,34.2940224496459,"bevholt",0.754602922876867
"168","MUTSNAPSATLCGM",593.321425008687,0.000154411689672056,0.390080829927765,31.0173524111539,627.133681119574,0.000220172232282738,0.390040991077203,31.0145965658409,"bevholt",0.500344480609618
"169","NROCKBSAI",1932.99016037653,1.86732998616821e-05,0.646611063483448,73.6390543380843,1188666.45291722,0.0368813527495389,0.665765112292472,75.6244864271472,"ricker",0.729624058078829
"170","NRSOLEEBSAI",15.8251766818281,4.04459078938917e-06,0.828416708432124,112.45551933358,92.1665614815635,8.1327823689293e-05,0.821452858136664,111.729502891457,"bevholt",0.58976844400028
"171","NRSOLEGA",17683.1169852878,4.37732143555559e-05,0.330737155173421,30.4565065431384,1745298.32374443,0.0157352852817726,0.337823592230675,32.0676115785675,"ricker",0.691160963912995
"172","NSHRIMPCSCH",553829.219156722,0.000108074005892622,0.522247214811347,92.6258239827688,952033.864607831,0.000454046118727912,0.517032957831426,91.5019677784758,"bevholt",0.636898548433656
"173","NZLINGESE",797.195452497453,0.000167801857666169,0.903421409772588,67.8633858063338,1228.07280651303,0.000515806383306575,0.904192360505349,67.9016572887842,"ricker",0.504783789331221
"174","NZLINGLIN3.4",177.419023522668,9.88817370660016e-06,0.237968833686204,5.43840210502314,661.168056322548,9.16150249290232e-05,0.237261046025917,5.21184757726755,"bevholt",0.528289072604905
"175","NZLINGLIN72",76.4992468364411,8.6564825593263e-08,0.398011970489127,31.0894304580179,76.4781955309324,3.2548322294462e-08,0.398010007666687,31.0883319223105,"bevholt",0.500137316959973
"176","NZLINGLIN7WC",236.283400601121,9.41421120293528e-06,0.361493216391607,34.0969671284838,254.014251472824,1.50697623050957e-05,0.362072046744303,34.206912273779,"ricker",0.513739683244543
"177","NZSNAPNZ1ENLD",338.166989819057,2.89461182434897e-05,0.354693238816561,41.0046239709496,748.703929761536,0.000155287727791873,0.342829003476682,37.9427081565353,"bevholt",0.822146424241495
"178","NZSNAPNZ7",225.814378204171,0.000199680235518027,0.966559079575171,145.014652506103,450.472317888012,0.00115749340233706,0.943997656424453,142.652554023172,"bevholt",0.765136407723461
"179","NZSNAPNZ8",234.003727953599,2.69879382337488e-05,0.510263963909626,51.6897359940603,475.460286367582,0.000148372304300005,0.486606293200597,48.8413702171485,"bevholt",0.805993323953775
"180","PACBTUNA",672.965392237247,1.59579208870768e-05,0.530172021255013,108.363518752642,2172.55083454932,0.000155839473801941,0.514161857723312,104.377651207571,"bevholt",0.880053170811979
"181","PANCHCCH",0.380452450587018,2.23161703515673e-06,0.479242399934468,55.9540336898209,0.395220190618763,3.25774476379401e-06,0.478653500269583,55.8655423257063,"bevholt",0.511059616307041
"182","PANCHNCHSP",0.683818283849916,1.18609803968026e-06,0.834106745961039,90.9530283560065,911.982181478578,0.00497639911851925,0.838369150177026,91.2993271179168,"ricker",0.543179519723866
"183","PANCHPERUNC",135.620898100664,4.99309296328394e-08,0.712568685468633,108.083706249244,146.933424032302,8.54254742211228e-08,0.710055722756529,107.75161537809,"bevholt",0.541416245018794
"184","PANDALIIIaW.IVaE",2120363.65359952,7.40753232257413e-05,0.369529738712456,33.955647868054,8119254.7702966,0.000747842891290168,0.371561083273225,34.3060472076601,"ricker",0.543688224017852
"185","PATGRENADIERCH",4586847.30245135,0.000460853671110241,0.437379821308342,49.3729214693507,4634656.18028244,0.000554932958627882,0.437442145217117,49.3832179095249,"ricker",0.501287052179088
"186","PATGRENADIERSARG",3157.94292998718,1.78585002108668e-06,0.562764718432161,52.6248843795282,4346.4092339258,4.67335985709548e-06,0.566482489975172,52.9774435662246,"ricker",0.54395613103039
"187","PAUAPAU5B",1435.25455367345,0.000466833818148745,0.183688005020804,-11.940159359236,2243.16787789433,0.0014936544289429,0.184049339201517,-11.8063625882475,"ricker",0.51671836173397
"188","PAUAPAU5D",4046.35642190274,0.0016508914976744,0.182863261616701,-6.86106195036331,589729.438852266,0.675567831051263,0.181783666880543,-7.15326751762081,"bevholt",0.536460861103615
"189","PAUAPAU7",2557.53823963285,0.000627409606343545,0.186068577423019,-9.39862132047733,3706.51408928396,0.00175390210001367,0.185024120460568,-9.74752348629938,"bevholt",0.54350250002806
"190","PCEELARGS",0.604984893131548,5.42270459671094e-06,0.377685011141441,36.2136541960904,2.80319929296259,7.83421851062731e-05,0.333748064791015,28.0510721554499,"bevholt",0.983394738804468
"191","PCODBS",9137.94514086886,7.62037385444647e-06,0.645167597113908,89.0098028929879,34220280.5665685,0.0969717482032851,0.64665535504493,89.203272699906,"ricker",0.524164884942058
"192","PCODGA",11276.6737676365,5.47098141791815e-06,0.477790844448844,62.4388557377895,29479.8327016802,3.65927069648805e-05,0.458878314421883,59.1256263522607,"bevholt",0.839783042246796
"193","PERCHEBSAI",1026.05932514992,4.46380902808895e-06,0.753014109611812,122.307878557176,282168.383993229,0.00367572325514584,0.739808145437851,120.497142475773,"bevholt",0.712051386236053
"194","PERCHQCI",349.024973370802,8.17462670951424e-06,0.690271472071026,142.668353439696,469.723063995539,2.04983891744315e-05,0.688243505896139,142.285823199771,"bevholt",0.54767104197349
"195","PERCHWCVANI",736.837935262601,5.80278653009229e-05,0.458650168799758,44.0490678568744,783.087445323928,8.46056457561551e-05,0.458710336177021,44.0573444625951,"ricker",0.501034574238616
"196","PHAKEPCOAST",2996.45542659894,9.29849285261523e-07,1.57040592063212,204.738640276513,1214579.4688859,0.00112139236051892,1.5573847077073,203.857872547612,"bevholt",0.608350494158883
"197","PILCHPJPN",28526.594245565,1.2549047150342e-07,0.908212068439326,122.994152861173,29410.2943282785,2.28015000425257e-07,0.918087595494173,123.947142562391,"ricker",0.616919843882183
"198","PILCHTSST",30268.3022014726,1.99802224529778e-07,0.752856756323348,142.635873008626,30076.325261397,2.58289311825202e-07,0.75901117228701,143.612596206331,"ricker",0.619720391022464
"199","PINKSHRIMPGM",257738.645413226,1.54803143230427e-05,0.221673426963166,0.842396702527743,367986.816659664,4.27939023628796e-05,0.220633318345047,0.522576585208638,"bevholt",0.539892542434625
"200","PLAIC2123",9.29136030256357,9.1910558036352e-05,0.284481024938413,13.973978825342,13.7703496059805,0.000270862939432899,0.280336559889093,13.3869524199062,"bevholt",0.572856004746581
"201","PLAIC7d",6943.56637739154,2.3144639340541e-05,0.440424805524817,53.4016785135023,9839.23647649366,7.03722336323457e-05,0.436210092452119,52.6517595953538,"bevholt",0.592656812814801
"202","PLAICECHW",2.47767985875977,0.940785221044717,0.454485374163374,54.6123727194861,49.9087211230128,55.0051922018323,0.461729648083282,55.8142862811213,"ricker",0.645875172080336
"203","PLAICNS",4504.95616698541,1.26194876734321e-06,0.492452088506449,94.525736729556,8564.87104906341,5.66818821602974e-06,0.483641286186875,92.2870679809327,"bevholt",0.753865228846031
"204","PLAICVIIh.k",1.02650743831136,0.336868195825906,0.552454770532835,45.2368440703222,1.21274578791879,0.701676129263411,0.545822525713697,44.6831081205101,"bevholt",0.568778199596683
"205","POLL5YZ",347.523668436591,5.00899584892629e-06,0.479462187386669,69.4861575307409,49982.63545353,0.0020816005911646,0.482392057315525,70.0458948261339,"ricker",0.569514020877916
"206","POLLIEG",887.638562984857,8.83061332605365e-06,0.535937370486237,65.5727499424273,4547.89650865238,0.000118658102961253,0.535720111177702,65.5443658241411,"bevholt",0.503547955235158
"207","POLLNEAR",1700.33675505323,3.2898727524652e-06,0.410428614351299,66.6887131433123,6490.77892521445,3.60419158415847e-05,0.394849584406016,62.277272897996,"bevholt",0.900762005036555
"208","POLLNS.VI.IIIa",1214.03964189424,2.78857574964833e-06,0.494712910063494,78.0381841834616,5526.66078341429,3.56031798660775e-05,0.474355412461522,73.8357989115644,"bevholt",0.891019042673277
"209","POPERCHGA",1681.79547554493,8.21958532202004e-06,0.543693734680416,81.0517732407252,2896.22161755003,3.25753084731515e-05,0.535863397107143,79.7170338961598,"bevholt",0.660913934856343
"210","POPERCHPCOAST",4482.70008687012,0.000177555165553631,0.689068018893728,107.0162453109,7228.43663330042,0.000587694262954275,0.68820188859787,106.89095088031,"bevholt",0.515656683544301
"211","PSALMAKPSESCD",3.66220146174404,1.97479741453685e-07,0.97134464574415,104.064706060752,3.90784109799543,3.09095970024707e-07,0.970836219817061,104.028089282406,"bevholt",0.504576969444963
"212","PSALMAMURPW",2.29699355681299,1.50329552740804e-07,0.616467244168965,103.75912362582,2.3886315124555,2.20547902834964e-07,0.625100644737346,105.206157283499,"ricker",0.673380976141275
"213","PSALMANADYRPW",2.11709014895434,5.91042953330433e-06,0.937556630906032,147.363930266703,4.53589851502162,4.28085122539444e-05,0.891880131404826,142.169418231635,"bevholt",0.930684772688372
"214","PSALMCHIGNIKCD",2.21432028338919,1.22764993054055e-06,1.03142440531157,105.391769302507,3.03766517180068,5.82182161521116e-06,1.01921389329885,104.582313089215,"bevholt",0.599823106620067
"215","PSALMCHIGNIKED",1.96424722085183,7.20643012928587e-07,0.858644848998173,92.9205316976308,2.02575890424283,1.06198896502043e-06,0.860446518678143,93.0671354839298,"ricker",0.518317272207412
"216","PSALMCHIGNIKWD",7.54916690580623,6.0551833966477e-06,0.949486791315021,99.7626643442823,30.0615979781012,7.87194225209698e-05,0.895048552132022,95.7481323381146,"bevholt",0.88155785337741
"217","PSALMEKAMPW",2.46755325226925,1.45692964842876e-08,0.792760493169718,129.917238088302,2.79024405936358,2.92142810497845e-08,0.788433930206454,129.348081679147,"bevholt",0.570668272569048
"218","PSALMESAKPH",5.34517082562129,2.12779507975895e-07,0.261178601730069,11.6249083947037,97.5096397484932,1.10471055112446e-05,0.237635022180085,5.76802352206594,"bevholt",0.949234671359047
"219","PSALMESAKPW",2.63864368681808,1.04804638349655e-08,0.587109220635147,98.6848867514339,2.70800039881322,1.38438712830985e-08,0.587718325403695,98.7931336510818,"ricker",0.513527560373078
"220","PSALMHUMPYCCISD",2.24632070695818,7.83190830165911e-06,0.987227132630383,110.778139269836,3.49183655285032,3.132577669551e-05,0.965050614528206,109.097136284525,"bevholt",0.698570825638715
"221","PSALMJCPH",5.47554004437105,6.72195281945526e-07,0.731660792833289,119.37363122132,5.86893904272376,1.14182411871603e-06,0.733332681651498,119.606358916289,"ricker",0.529058180634786
"222","PSALMJCPW",5.20669547072244,1.30548719826926e-07,0.722793741510019,118.129920924549,5.81416500826616,2.6719344286803e-07,0.713932383282025,116.871865702725,"bevholt",0.652268943238296
"223","PSALMMONTD",1.77797979411915,1.2073460563045e-06,0.853271074592936,72.6264329293881,1.7611274945186,1.268586396693e-06,0.854067737702267,72.6726620152348,"ricker",0.50577837845945
"224","PSALMOKPW",2.75656043296506,9.73074569720803e-08,1.24784578886122,177.096294821402,3.92645664998071,4.06778151991058e-07,1.24112391308427,176.535374140503,"bevholt",0.569659078918375
"225","PSALMPDICK",4.31124939181955,7.07868260714134e-06,1.33561015442617,133.143637793243,5.24341978901298,1.60413767300116e-05,1.33033150048075,132.850298369668,"bevholt",0.53660183655434
"226","PSALMPERRYVILLED",2.99899325131464,2.18162137275864e-06,0.856893722301405,92.7846047643141,3.34671955402397,4.04903777548225e-06,0.857523670156346,92.8357555527741,"ricker",0.50639350006185
"227","PSALMPGRAHAMSD",3.51764020351647,4.01071914073493e-05,0.917662133863488,105.369928017676,5.61384728707351,0.000156984663028413,0.890624489382793,103.157213032443,"bevholt",0.751449411996802
"228","PSALMPRIMPW",4.99264602555519,6.30140426717932e-07,1.1043793221434,164.390300836283,7.44323884032379,2.63804791543452e-06,1.08720043394348,162.764627906326,"bevholt",0.692713608206643
"229","PSALMPWSED",8.1787772644015,8.62849958218568e-07,1.01974715532407,93.2326786101442,14.4099709638797,3.74532168072249e-06,1.01495425998941,92.9501088239283,"bevholt",0.535262585173458
"230","PSALMPWSSED",3.10505839252245,9.35450796071193e-07,0.972960316283339,90.4146872313083,3.34622036792621,1.51561879175586e-06,0.972402780600411,90.3802551179035,"bevholt",0.504303907872256
"231","PSALMROCKYROD",1.37011916040495,2.81111974647951e-06,1.06723798511822,116.544195677483,1.4072840044425,4.31222458161585e-06,1.0661817965318,116.470883179137,"bevholt",0.509163036300064
"232","PSALMSELDOVIAB",2.54192719845973,1.28003781437911e-05,0.86943487244106,101.37516505903,3.5156953122503,3.63490977227385e-05,0.862141127367796,100.75148470369,"bevholt",0.577334363960585
"233","PSALMTUTKASD",14.7702023353735,6.36705440065848e-06,1.40091278674757,136.676017144128,14.9684461281939,7.80715441159934e-06,1.40078466589231,136.672660519791,"bevholt",0.500419577943576
"234","PSALMWINDYC",1.59725050540626,1.97552977415848e-08,1.11258596251639,119.624420645953,1.60069521527832,1.11804172581675e-07,1.11256379756715,119.632538414879,"ricker",0.501014719722562
"235","PSOLEPCOAST",6145.70767524335,0.000162242368887379,0.307442444132521,33.2827532798953,13163.5528097978,0.000835690169647828,0.302472836375395,31.4570560010749,"bevholt",0.713582728613932
"236","PTOOTHFISHCH",62811.2376836119,2.54278804192123e-06,0.262338105235185,11.1837110768897,64165.7702426619,3.24718951551135e-06,0.262231821376846,11.1637852228888,"bevholt",0.502490711147839
"237","PTOOTHFISHMI",628.026766038273,0.000498439429852116,0.390427003195468,33.7917380782659,444147.614787638,1.14157866346662,0.404058962871672,35.7137283016421,"ricker",0.723320998819348
"238","PTOOTHFISHPEI",36320788.3335843,2.10093865978651e-08,0.729558725674309,64.4465725613249,36291858.1397667,1.56658730436171e-08,0.729488813108583,64.4458987043393,"bevholt",0.500084232122403
"239","RBRMSETOW",6025.41224999428,0.000182415057360806,0.251394826747819,9.50095517417567,13467473.6919476,1.13376203207598,0.238447287612902,5.69378718079692,"bevholt",0.870296625840583
"240","REDFEAUS",55545997776.2078,0.000100034637752816,0.642785691968065,88.6989469661087,57147671264.4627,0.000146550728189151,0.646125734638421,89.1344356993672,"ricker",0.554222026775848
"241","REYEROCKGA",924.910836546477,0.000158485898630915,0.443822226709311,38.6353400749606,66000.6970741784,0.0453274239870249,0.460155174174623,40.503742901869,"ricker",0.717926883268516
"242","RGROUPGM",26.2580294917043,5.77076347933748e-07,0.958152741123045,65.2126167488737,731.28102762896,4.50498830444624e-05,0.96217898075223,65.4054843529762,"ricker",0.5240897848699
"243","RGROUPSATL",0.593725033780462,6.83675870584568e-07,0.591615346341427,76.4207203346722,2.16277288095621,6.79546372772164e-06,0.594339694642345,76.7791711522577,"ricker",0.544686798019392
"244","RHERRTSST",76504.0378377338,1.20183887982012e-05,0.404145133053113,50.7302180639555,98888.9440851035,2.92496374952504e-05,0.409051554325311,51.7687672838642,"ricker",0.626978130221083
"245","RKCRABBB",1162.28881454988,1.5991049296006e-05,1.1239352961737,138.691808043702,12320780.9384206,0.703842904211283,0.930588795331116,122.45701340578,"bevholt",0.999701784917523
"246","RROCKLOBSTERSAUSNZ",5.87285716880444e-06,2.73578378701011e-12,0.672586665391195,80.3566076094115,1.26971170233121e-05,1.44842878159694e-11,0.685744892462691,81.751538345049,"ricker",0.667625572222961
"247","RSFLOUNSOJ",12642.8376835286,2.74727030424644e-08,0.207814279424733,1.02053737911973,12642.7962160231,2.73643881718529e-08,0.20781501587188,1.02053594471471,"bevholt",0.500000179300628
"248","RSNAPGM",1.22077734238921e-06,2.44314031055856e-15,0.49141866521032,73.1572522153931,2.86398849075751e-06,1.56136833532804e-14,0.480485342427421,71.0402054596437,"bevholt",0.742408259786905
"249","RSNAPSATLC",2.5647298394297e-07,3.50137291727986e-13,0.828819218098278,73.530203984149,0.000501376210546086,2.00063923966553e-09,0.786782473336459,70.7166366323477,"bevholt",0.803258149208115
"250","RSOLE5AB",1784.12065371709,0.000207293909582756,0.400340932610348,74.8509583160723,7288.61544572354,0.0024302835225925,0.353113146753434,57.7791220907384,"bevholt",0.999803748661956
"251","RSOLEHSTR",2.17680902122036,3.79750263011528e-05,0.34848382078987,56.7089389905819,2.88888843520654,9.2551482591807e-05,0.346505547578216,55.9224815072948,"bevholt",0.597059710890024
"252","RSQLOBSTERCSCH",99921.6324255992,2.08902752162252e-05,1.19890448757062,156.989898273031,1086803.80881868,0.000829559913628836,1.06552607736468,145.904440846938,"bevholt",0.996099446813566
"253","RSROCKBCWN",1818.75079726915,0.000264580977937851,1.05316691733198,83.5692900768841,10482.374866908,0.00404594492338513,1.05529100139809,83.6751392478921,"ricker",0.513228058857779
"254","RSROCKBCWS",1512.171479794,4.6330371397847e-05,0.661338589430796,117.069944902686,3460.15473389292,0.000245447586613876,0.66235944614164,117.241624047863,"ricker",0.521446725702049
"255","SABLEFEBSAIGA",243.754225201398,6.90249008804284e-06,0.951426070672012,162.53523288191,24600.4091157504,0.00201317462608081,0.945925892406483,161.872216217215,"bevholt",0.582126332014259
"256","SABLEFPCAN",104.141778094999,1.71236123478695e-05,0.454677616948967,64.6024140073637,575.451111918147,0.000275008692709655,0.45141449017881,63.9388178193164,"bevholt",0.582196816389857
"257","SABLEFPCOAST",122.545992691112,3.43646461556971e-09,0.907587100572442,141.351886055247,122.539126210462,2.85773254167856e-09,0.907586607203113,141.351612714681,"bevholt",0.500034167570739
"258","SARDMEDGSA17.18",49307.758084918,1.28260466744508e-07,0.156893948437964,-28.8866573251318,49559.0709665984,1.44346174612395e-07,0.156704868798145,-28.976516364699,"bevholt",0.511230490795941
"259","SARDPVIIIc.IXa",35618.3550046299,3.30346066082872e-07,0.603720091273262,81.6207377955081,35528.0754714905,3.6358397581889e-07,0.604294520012268,81.6986968862793,"ricker",0.509743652664791
"260","SARDSAS",5107.99532448848,7.40439567369e-07,3.24825928043938,173.068808233537,4947.97604694481,7.0868244921339e-07,3.2504405851261,173.10570731803,"ricker",0.504612254733546
"261","SARDSAW",897387.040901192,1.34916788545372e-05,1.03460193684939,108.480239924101,2812993.99212054,0.000121864599639943,1.00101461221026,106.170866553851,"bevholt",0.760365917671375
"262","SARDWSE",363008312318.691,1.21989713325478e-05,0.548047456773604,49.6032241032982,1177782292934.99,0.000101670100216872,0.537577325784688,48.6002039532625,"bevholt",0.622814138757334
"263","SBELLYROCKPCOAST",6.68173296990139,1.11234887103341e-05,1.21216979602581,106.79263110949,6.73993214400102,1.57969878279858e-05,1.21405096374643,106.887332506022,"ricker",0.511835463302657
"264","SBT",29.3141832419719,1.45178881266891e-06,0.419267264119079,100.839620400274,53.6379181684071,7.28163413948924e-06,0.399306375924966,92.449624092137,"bevholt",0.985152985660799
"265","SBWHITACIR",1568.25906369107,5.89589491588722e-06,0.98743486021862,96.859642628412,3231.83906403578,2.91389308616232e-05,0.978908460079543,96.3021974856848,"bevholt",0.569233017507398
"266","SBWHITARGS",1395.47585636122,1.89859388381475e-06,1.08685082942917,100.026702068995,3490301.48451668,0.0207560007790974,0.892519316434012,87.8145019674261,"bevholt",0.997775730645961
"267","SBWHITCH",0.729090798322151,5.71865737383575e-07,0.540723412369582,75.7670496526239,0.778278061666195,9.02093516906242e-07,0.537595134439556,75.2681808385296,"bevholt",0.562037284291083
"268","SCMPBP",24990.9705090726,0.000219359080892129,0.545084105035086,43.0667455660491,126640.591428386,0.00288641112540134,0.552361471361159,43.6510392516804,"ricker",0.572521634172116
"269","SCMPMB",21974.3069946752,0.000177848432598071,0.72195344862546,61.7999601114329,22732907.3725417,0.556448843706124,0.73181240712505,62.4792093772632,"ricker",0.584099338902105
"270","SCMPWHB",18827.5059525994,0.000651951547448779,0.659935217108465,61.2229319682081,32733615.7254231,3.39585664144191,0.667869174297762,61.8682704112838,"ricker",0.579974623799891
"271","SCUPNWATLC",9487.23707808146,1.36048821134122e-05,0.457703983073017,48.8963543411888,18291.9284951686,0.000118607258689462,0.421355031977744,43.4350593034487,"bevholt",0.938811044386369
"272","SDOGBLKGSA29",50.6182133615098,2.23018458929014e-05,0.443563316608128,38.6051371242077,53.4924360230786,3.76140752478823e-05,0.437388674326016,37.8751784985322,"bevholt",0.590245248629445
"273","SEELNSSA1",1082020.50148761,2.87274871302126e-06,0.819089946902219,96.9610688314272,2672012.10116156,1.91699179075386e-05,0.825608642639776,97.5476916798966,"ricker",0.572806630439779
"274","SEELNSSA2",867947.665599395,3.34742564854031e-06,1.05146173581454,115.442145603341,910256.060777221,5.07236719271353e-06,1.05357613781276,115.590808045573,"ricker",0.518574253968424
"275","SEELNSSA3",2014592.62304753,6.08993468650318e-06,1.06017962647611,107.261773163422,5903202.27128188,4.84278398283665e-05,1.04288117449683,106.142750181311,"bevholt",0.636339501205219
"276","SEELNSSA4",1047698.40153234,4.47496295139102e-06,1.25185909996532,95.7958849184886,7458798.81207447,0.00010950786709553,1.2155862914057,94.2084085998183,"bevholt",0.688633421762597
"277","SILVERFISHSE",1375445719.16283,3.93317116989024e-05,0.596413676104738,75.267004019614,1685976786.42305,8.43774895431566e-05,0.592750284540771,74.7985532836767,"bevholt",0.558290095059453
"278","SKJCWPAC",2619.66825948876,1.42978633412061e-07,0.246389706355576,8.19257096533202,3058.75853736084,2.66484372939005e-07,0.247008634541991,8.4121775856908,"ricker",0.527423280071914
"279","SMOOTHOREOCR",113.386556340806,1.3764654419522e-09,0.900929895057192,132.75223966765,113.388868168972,2.22894940129828e-09,0.901047665602281,132.752648176877,"ricker",0.500051063653196
"280","SNAPSAUSNSG",1416179.99486579,4.24537432832701,0.955749313883866,67.7752046045828,1625125.53290432,7.76035639658797,0.956671277635832,67.8170331051975,"ricker",0.505228372001506
"281","SNOWCRABBS",15403.6505628857,8.27794835508861e-06,0.864205469082757,95.8801466024104,1149294.26275086,0.00183055583200301,0.867003550745697,96.1022995398665,"ricker",0.527740601125782
"282","SOLECS",5579.62834286784,0.000380642856271443,0.377225813136292,49.1720416143981,9446987.00401989,1.87622049518537,0.378003454140267,49.3756862809477,"ricker",0.525433612923531
"283","SOLEIIIa.2224",5.18892740707936,0.000512229632721549,0.453216913497472,50.7057662814408,50256.3514935923,14.658175628553,0.442944637952659,49.0981055423089,"bevholt",0.690793237531488
"284","SOLEIS",1.45043321545249,4.33668442645265e-05,0.636139144874247,99.3390358422114,1.42100955235145,4.08475610464818e-05,0.636624536625935,99.4426862653752,"ricker",0.51295340378086
"285","SOLEVIId",7070.35387275271,8.41685834757937e-05,0.393970325889078,41.8470108041088,10906074.3670402,0.381521439115197,0.402569115859763,43.4015299160097,"ricker",0.685089185180429
"286","SOLEVIIe",1798.43634429082,0.000115915568348665,0.258073308006843,12.8448653204247,2015.64400735504,0.000196410314196893,0.258212485052529,12.89998442901,"ricker",0.506889452517084
"287","SOLEVIIh.k",1.73457662709603,0.737038024659416,0.729847228983019,60.1933484197222,0.827677847923525,9.99995190941915e-07,0.751661237488671,61.6065108576412,"ricker",0.669645294569508
"288","SOLEVIIIab",2018.75295691864,1.21082015104026e-05,0.23580524969958,5.04486130128753,2050.33778864331,1.45484053649174e-05,0.235791660431282,5.04093811875374,"bevholt",0.500490397659477
"289","SOUTHHAKECH",1325.73647848809,3.15740282581513e-06,0.155922345869249,-31.1780886417843,3516.68131114704,2.09211817870144e-05,0.140224428045803,-40.3038183868008,"bevholt",0.989675576352121
"290","SOUTHHAKECR",119.527862306706,1.01767694308262e-05,0.39987762759432,34.1699245306736,142.097393514346,2.01770804948516e-05,0.398065319353052,33.9245981392795,"bevholt",0.530627406225653
"291","SOUTHHAKEWCSI",226.235085496877,1.38920339887736e-05,0.402536982141283,45.3875890753389,469.588728151594,6.6315625624069e-05,0.398801637786515,44.6805131080845,"bevholt",0.587475266996028
"292","SPANMACKGM",7913.87570871262,7.24391306213105e-05,0.303025242547464,19.193427367884,25227.5090799034,0.000569099803261262,0.3035446688225,19.2863706896738,"ricker",0.511615824822913
"293","SPANMACKSETO",468.71433314209,3.54571064782242e-08,0.436668277737323,38.9218672556091,468.681281777422,6.52502098630794e-09,0.436651311176837,38.9206207074943,"bevholt",0.500155818509299
"294","SPHAKECH",5554.06125406987,2.18091727608412e-06,0.320889788603269,34.1968508491146,9060.84736842046,8.81492395623061e-06,0.241232725594702,6.23395190024388,"bevholt",0.999999152902741
"295","SPRAT22.32",131.373700763582,5.9732469252069e-07,0.687997952909324,100.632871941805,187.774251343232,1.6932879207005e-06,0.68334499482442,100.021626268234,"bevholt",0.575816487265111
"296","SPRATIIIa.IV",1336227.95155546,4.68337920036612e-06,0.469502959560212,57.0831710001064,2155925.71349497,1.63305747785053e-05,0.459573114228872,55.4583996251237,"bevholt",0.692617646715601
"297","SSALMBIRKENH",10.1632793861196,7.17536303186944e-06,0.762876425502261,119.064698497569,19.1848273652787,3.87532124517462e-05,0.739686189188251,116.039448818495,"bevholt",0.819449882193511
"298","SSALMBLACKL",4.74653074624261,1.71715047017021e-06,0.77629738292567,174.212761349812,52.009300004074,6.77230215313989e-05,0.759382997328682,171.044429698501,"bevholt",0.829793691625635
"299","SSALMBOWRON",6.8181244870236,3.55383936504114e-05,0.64961924250174,101.350130602949,8.21418171266306,8.58051400750467e-05,0.637834092233826,99.5945907332876,"bevholt",0.70635988374946
"300","SSALMBRANCH",3.37540672005543,9.90644263132762e-07,0.873428774859284,117.005333545209,3.60580993790442,1.62765797758662e-06,0.877278132286336,117.383914477062,"ricker",0.547181820028261
"301","SSALMCHILKO",8.460090938433,1.61697957517328e-06,0.68180861754866,108.054661424084,9.24728624269049,3.06540585099038e-06,0.695261134655284,109.969327559085,"ricker",0.72258752319849
"302","SSALMCULTUS",5.87865823503413,2.00511317032526e-05,0.88734491165462,133.876208181418,6.09916254339873,2.9371096058726e-05,0.887009612032051,133.839148702856,"bevholt",0.504632302278819
"303","SSALMEALSEKDR",3.45227645936614,9.78398128295012e-06,0.634206455057051,57.1959257202862,6.33422235492979,4.10123382264342e-05,0.624131286570011,56.3630878371585,"bevholt",0.602626017276618
"304","SSALMEGEGIK",4.51358938647824,5.29226801829963e-10,0.706433028603972,98.755908092758,4.51361519398817,5.38066653109247e-10,0.706419617891159,98.755946636023,"ricker",0.500004817908124
"305","SSALMEUPPERS",2.34762431175496,4.86684009251781e-06,0.635096716944196,55.390879634576,2.57179321031738,8.38595351972896e-06,0.632749546169818,55.2057398098996,"bevholt",0.523125966211989
"306","SSALMIGUSHIK",5.08868167567516,1.91680644771413e-06,0.886606710525075,118.293646434343,16.3230030141954,1.93198931082376e-05,0.866730121368391,116.343710454498,"bevholt",0.726108615306119
"307","SSALMKLUKSHUR",3.64247691854419,6.19570484316162e-05,0.42314004378871,30.8829689355638,19.7104980317156,0.000912793646779532,0.415616110504087,30.1312353790103,"bevholt",0.592875834593484
"308","SSALMKVICHAK",1.59239879756139,3.30264412933973e-11,0.872930878093905,116.958132072238,1.59213956166303,2.40391005001139e-11,0.872922417692415,116.957857902918,"bevholt",0.500034271164951
"309","SSALMLUPPERS",4.15707951892056,1.62526131553531e-06,0.575613299124764,48.7978049945912,4.7896577152968,3.27035291499583e-06,0.568891599244977,48.2339373677217,"bevholt",0.570020260165862
"310","SSALMLWASH",1.41965367423997,1.35656843831128e-06,0.729127935326918,66.6051217598178,1.54480474811971,2.18199063772034e-06,0.728068591511772,66.5289323044748,"bevholt",0.50952253034783
"311","SSALMNADINA",36.0705134797367,9.98158804204969e-05,1.05523956071652,142.060490049951,51.4360242513142,0.000506836646060824,1.00793852962072,137.841169540021,"bevholt",0.891838564931877
"312","SSALMNAHANTLATCH",10.7970975277112,0.000196404889214349,0.998791568051645,66.9566443656888,2147.39499725191,0.164158053129863,0.87976796985431,61.5572180180653,"bevholt",0.93700971686405
"313","SSALMNAKNEK",3.90155928693542,2.88753771721596e-07,0.521393140758066,72.636634793611,4.54488284574665,5.64239908739783e-07,0.519183738405475,72.2717919390925,"bevholt",0.545479306614514
"314","SSALMNASS",6.17906926510657,3.45827002407768e-06,0.507712421011592,44.1941807389091,10.4512118678477,1.27013802281649e-05,0.505530864342708,43.9825776794946,"bevholt",0.526425736296867
"315","SSALMNUYAKUK",3.79975824090224,8.12565893387155e-07,0.908405497307398,78.4791632154795,3.96377690359786,1.43084340080209e-06,0.937985139419037,80.2091711185319,"ricker",0.703705061910431
"316","SSALMOWIKENOL",2.32146077017952,9.90124582144226e-07,1.18339139377903,171.579669566384,2.68805741429171,1.97529777701083e-06,1.17997006065723,171.280436162002,"bevholt",0.537334556523203
"317","SSALMPITT",5.31842324416568,2.44640731817859e-05,0.701122895603625,110.792231562805,8.15105799025168,8.25558023639773e-05,0.689316652650826,109.128074412025,"bevholt",0.696794254196545
"318","SSALMQUIN",2.17408192171428,2.13659611015145e-05,0.873605021467149,71.3334525418116,5.1708396924094,0.00012677796460951,0.856674878970584,70.3548139088282,"bevholt",0.619946067599116
"319","SSALMRAFT",4.78636594667941,2.10582062165991e-05,0.722995212828568,113.802695207721,5.11868494632978,3.77268469542561e-05,0.720419011480768,113.452950653696,"bevholt",0.543606999541013
"320","SSALMSEYMOUR",5.47440195390012,6.88956146859138e-06,0.82288923928816,126.484646901411,5.96225579452148,1.3808929138142e-05,0.821483263063928,126.318227216274,"bevholt",0.520790466138693
"321","SSALMSITUKR",3.78478130120676,1.0862853773613e-05,0.339291587664109,22.2072166241179,937.800484743893,0.00800694202328691,0.344719215502035,22.9069998762257,"ricker",0.586591298271046
"322","SSALMSKEENA",3.11027597245465,4.25537496049749e-07,0.697259548078819,101.836077277131,3.33329367075647,6.65138806198762e-07,0.697990695706587,101.93039023301,"ricker",0.511786935315659
"323","SSALMSTELLAKO",7.30038371411196,3.51745345711205e-06,0.57178310991798,90.802683635059,8.3112590611963,6.9113050445386e-06,0.570460903905192,90.5808358338257,"bevholt",0.527702576344469
"324","SSALMTOGIAK",5.43287478985519,3.50406867470005e-06,0.533258520850823,74.5716818765541,6.50076283351685,7.38828906912883e-06,0.545836341916956,76.5766207821646,"ricker",0.731543825397397
"325","SSALMUCOOKI",5.63131296119542,1.67420370698255e-07,0.340163822272898,24.1733693404634,5.68682686457577,1.98641122676394e-07,0.340353250644159,24.2012042033166,"ricker",0.503479301696589
"326","SSALMUGASHIK",3.05324939653841,1.78808605062883e-07,1.00698605206984,129.242799606186,3.12953124322496,2.41296331230365e-07,1.00657170661707,129.207414340493,"bevholt",0.504423042833797
"327","SSALMWEAVER",11.1846536128226,7.26499573467074e-06,1.28025615645751,169.801433345582,37.7160416610414,0.00016732771624284,1.21987827448238,165.066567406731,"bevholt",0.914309954532518
"328","SSALMWOOD",3.63398793932757,3.74991192513543e-07,0.4874301470312,66.8437961724836,3.66509003445264,4.96625001040304e-07,0.495606813838361,68.2744509322451,"ricker",0.671577245596267
"329","SSLOBSTERSASC",3428.26498641777,0.000408443043696406,0.575896886867774,65.7652781449146,8395.94129853898,0.00241872739222283,0.578171668873855,66.0316549455984,"ricker",0.533247965390038
"330","SSTHORNHPCOAST",324.873732512908,3.83774295913319e-06,0.166597876573825,-22.4265388638871,452.553838343273,9.87663059431821e-06,0.166933198308771,-22.2697070849577,"ricker",0.51959393305268
"331","STMARLINNEPAC",0.242109916994942,0.000423513240752825,0.470347604590905,50.6948627833645,0.889241165364547,0.00396868274733816,0.470921056608779,50.7749042909936,"ricker",0.510003853257704
"332","STMARLINWCNPAC",349.313193313623,0.000293600101164282,0.606481228031728,72.9077189341941,682.091349407497,0.00132597054525287,0.596646938351639,71.7306173226225,"bevholt",0.643032564208096
"333","STRIPEDBASSGOMCHATT",8246.55713589899,2.53648947600646e-05,0.283321074526272,16.3889093658578,13230.6112558592,0.000116240931437501,0.279801566754502,15.6388501223747,"bevholt",0.592673751005014
"334","SWHITSE",153302462178.312,0.000221792407302847,0.198888544219954,-7.78210402095565,660545812677.517,0.00246290935357743,0.190037993832677,-11.1507335312316,"bevholt",0.843475030845502
"335","TIGERFLATSE",4861435555.56023,0.000111230225859165,0.328063423200282,52.6005880069545,8412079882.84229,0.000414414061117599,0.320278988781835,48.9519764793816,"bevholt",0.861081982869904
"336","TILEMATLC",434.143690024996,9.45076638020409e-05,0.513998230830494,74.391677691416,1248497.71008187,0.977419639134918,0.457467297948808,63.9053955598018,"bevholt",0.9947441355667
"337","TREVALLYTRE7",529.135539277898,4.83689440541956e-05,0.325202357316294,30.8884651789299,997.083763688692,0.000197360699529198,0.322709876096565,30.2594883006711,"bevholt",0.577980458423895
"338","TURBLKGSA29",412.756711585801,0.000133901173374077,0.630416804534116,130.876768053872,688.295240470844,0.000495593011452682,0.627336305929462,130.239991236689,"bevholt",0.578931444842052
"339","TURIV",1981.71284131101,0.000142610726894418,0.288762079964264,20.1416188707477,323970.430226172,0.07088513959864,0.274405876011002,16.2683081780171,"bevholt",0.873984237951888
"340","VSNAPGM",3.84611190857872e-07,5.36147259738624e-15,0.174397828925541,-7.07556291842082,0.00509172393410465,1.96454774728618e-10,0.173562428973889,-7.28697788392998,"bevholt",0.526402290175269
"341","VSNAPSATLC",5.72266505513589e-07,3.56371292237512e-14,0.28937220241213,21.3181761461583,0.00239740741959214,4.15424650767989e-10,0.284596535262903,19.9535584389828,"bevholt",0.664253814634814
"342","WANGLVIIIc.IXa",843.068109220122,0.000224530157306672,0.902097357247453,111.939107255684,568342.540486605,0.532221157662241,0.909223667647706,112.56986605493,"ricker",0.578197765547055
"343","WANGLVII.VIIIabd",2725.04871080736,2.88675292462961e-05,0.472296217922521,52.2777211439167,7896464.28145628,0.238694458886588,0.451362071396819,49.1947827583866,"bevholt",0.823678201123852
"344","WAREHOUESE",1699909066.80628,0.000115796859474525,0.904524750812361,67.9121518550804,2373751185.93719,0.000409434691169263,0.883056088872596,66.8136265147176,"bevholt",0.633964507944567
"345","WAREHOUWSE",4689489577.52865,0.000515293109142282,0.634257083784364,51.5909674577113,97148169786.2402,0.0400297178043363,0.555879246520259,45.5227925997563,"bevholt",0.954090542296123
"346","WHAKE4T",9883.30831573536,3.92766108595449e-05,0.34621798151056,31.16110216287,511446081.498509,7.5167188408701,0.242959347751041,7.07708754706615,"bevholt",0.999994108578212
"347","WHAKEGBGOM",563.055833305106,3.96814347874087e-05,0.410296236971894,62.4642738043147,1139.23383063401,0.000187848609072018,0.410339606232561,62.4757169939366,"ricker",0.501430394800538
"348","WHITMEDGSA29",41016.8624596793,4.81103066924418e-09,0.379728652118562,26.3382026972559,41016.5483707479,5.32633518334956e-09,0.37972521066198,26.3382748614365,"ricker",0.500009020522566
"349","WHITNS.VIId",183717.929081503,4.79952326770346e-06,0.286457700758558,20.1691747279625,189881541.710121,0.0140405955477267,0.280462900608991,18.4755152601718,"bevholt",0.699901684233659
"350","WHITVIIa",118231.538719108,7.04275786535414e-05,0.439653703122033,54.4403041325067,165285.539629679,0.000312544003298484,0.386044334665802,44.037477350572,"bevholt",0.994521407455959
"351","WINFLOUN5Z",2733.46996554207,9.82177651151143e-05,0.743142927478211,83.1008257558145,291127.096470427,0.0325438198021225,0.726453472024415,81.5562164622775,"bevholt",0.684019224123424
"352","WINFLOUNSNEMATL",2482.71917905064,1.36020681666167e-07,0.567112198959891,58.0273945901031,2480.89591960941,4.51408867100146e-08,0.567089252900566,58.0265761164319,"bevholt",0.500102309207478
"353","WMARLINATL",148.400895074284,0.000496756387957747,0.359581195751233,34.5027683328674,179.458976133641,0.00101978337402992,0.362049990785435,34.9817304583807,"ricker",0.559585761381145
"354","WPOLLAI",773.35879780323,1.02958603237418e-06,0.748975586372327,99.298120148667,785.002379171833,1.26756219892813e-06,0.748924668639837,99.2939952687841,"bevholt",0.500515609802596
"355","WPOLLGA",45571.8339527083,4.55553978566178e-06,1.48486176019583,180.714422059368,28621394.479152,0.00895491243391369,1.44765090535694,178.277288222441,"bevholt",0.771811255372127
"356","WROCKBCW",426.687527937881,4.39365091762794e-05,0.568694419620495,85.1878347471549,906.639615085243,0.000214465749654029,0.56626638216223,84.7941817515507,"bevholt",0.549048379340156
"357","WROCKPCOAST",1618.24546213143,1.061887778912e-05,0.608307199997425,93.2147627371521,1985.19922570259,2.25048256757081e-05,0.610022009331405,93.4778363722999,"ricker",0.532836872922186
"358","YEGROUPGM",351.101643021365,0.000135840553738994,0.154873715421371,-24.4596052833749,666623.883079989,0.803867957700706,0.145036256073907,-29.0539745533881,"bevholt",0.90864360311273
"359","YELLCCODGOM",11558.1114902703,0.00067568125414277,0.481862158347903,49.597031849444,31985.6194992695,0.00457095000148898,0.477331789221616,49.01137349352,"bevholt",0.572688621024147
"360","YELLGB",5114.55938223593,7.25035332041181e-05,0.536905059502417,62.5644872854298,7958.7924544343,0.000247162311188134,0.519548804965768,60.2642861538913,"bevholt",0.759529285218184
"361","YELLSNEMATL",4756.32699508933,6.95249317040598e-05,1.21437644352435,145.348863010992,4731.36632151139,8.92281683619438e-05,1.22289039518021,145.948805229365,"ricker",0.574435454196975
"362","YEYEROCKPCOAST",0.000685884329710143,1.19353685670352e-09,0.264506163172652,26.3449682294206,0.00112889688709512,4.5184524373977e-09,0.263864043144279,25.7955945798258,"bevholt",0.568243149817162
"363","YFINEIO",149.494195929461,4.70185994714679e-07,0.307407412740349,25.8152162522041,574.654128216392,4.64701803238852e-06,0.292300998209553,21.784209352305,"bevholt",0.882415255180979
"364","YFINEPAC",0.0656862847508964,1.26738900323673e-07,0.278167216768252,18.3416335509971,0.0908813677711649,3.31756368944574e-07,0.277169652353844,18.0397834386236,"bevholt",0.537659805414198
"365","YSOLEBSAI",30.2632075641862,2.68507618053593e-06,0.560582641173388,113.940428598592,164387.206445679,0.0709001208340445,0.500100017994489,99.3243701448766,"bevholt",0.999330312343667
"366","YTROCKNPCOAST",2.06240885091882e-05,1.52312384078502e-13,0.36448436595936,53.9687376508584,0.133141895294615,3.06224540621247e-09,0.367040650126103,54.7768263892968,"ricker",0.59965897427316
